,Timestamp,Job #,Lot #,Quantity,Piece Mark - REV,Weight,Fitter,Fit QC,Welder,Weld QC,Does this piece have a defect?,Date Found,Lot Name,Hours Per Pound,Earned Hours,Has Model
0,2020-11-02 08:15:32,1926,,1.0,B2013-0,567.93,2178,2079,2178,2079,Yes,11/2/2020,T000,,8.33437275,False
1,2020-11-02 08:32:30,1926,,1.0,B2011-0,1171.83,2168,2079,2168,2079,Yes,11/2/2020,T000,,17.19660525,False
2,2020-11-02 09:01:44,1926,,2.0,B2005-0,1110.3,2141,2079,N/A,N/A,NO,,T000,,16.2936525,False
3,2020-11-02 09:03:28,1926,,2.0,HSS2003-0,115.96,2020,2079,N/A,N/A,NO,,T000,,1.701713,False
4,2020-11-02 09:28:29,1926,,1.0,B2015-0,1170.22,2168,2079,2168,2079,NO,,T000,,17.172978500000003,False
5,2020-11-02 09:53:17,1926,,6.0,HSS2001-0,389.08,2105,2079,2105,2079,No,,T000,,5.709749,False
6,2020-11-02 11:04:02,1926,,1.0,HSS1027-0,757.3,2197,2079,2197,2079,No,,T000,,11.1133775,False
7,2020-11-02 11:05:53,1926,,1.0,B1028-0,438.42,2141,2079,N/A,N/A,No,,T000,,6.433813500000001,False
8,2020-11-02 11:46:29,1926,,1.0,B2002-0,615.9,2104,2079,N/A,N/A,No,,T000,,9.038332500000001,False
9,2020-11-02 11:49:26,1926,,1.0,C1009-1,4652.84,2197,2079,2092,2079,No,,T000,,68.280427,False
10,2020-11-02 14:16:50,1926,,1.0,C1020-0,1673.01,2141,2079,2138,2079,No,,T000,,24.55142175,False
11,2020-11-02 14:19:10,1828,,11.0,AN28004-0,16.57,2020,2079,N/A,N/A,No,,T000,,,False
12,2020-11-02 14:22:37,1828,,6.0,AN28001-0,15.79,2020,2079,N/A,N/A,No,,T000,,,False
13,2020-11-02 14:24:32,1828,,2.0,AN28005-0,31.19,2020,2079,N/A,N/A,No,,T000,,,False
14,2020-11-02 14:26:36,1828,,4.0,AN28010-0,37.44,2020,2079,N/A,N/A,No,,T000,,,False
15,2020-11-02 14:38:44,1828,,4.0,AN28011-0,37.44,2020,CSC,N/A,N/A,No,,T000,,,False
16,2020-11-02 14:41:03,1828,,2.0,AN28012-0,37.44,2020,2079,N/A,N/A,No,,T000,,,False
17,2020-11-02 14:42:50,1828,,2.0,AN28013-0,31.19,2020,2079,N/A,N/A,No,,T000,,,False
18,2020-11-02 14:55:02,1926,,1.0,HSS2004-0,981.51,2141,2079,2138,CSC,No,,T000,,14.40365925,False
19,2020-11-02 14:57:25,1926,,1.0,HSS2005-0,831.77,2141,2079,2138,CSC,No,,T000,,12.20622475,False
20,2020-11-03 12:36:30,1926,,1.0,B1000-0,1347.66,2020,2079,2105,CSC,No,,T000,,19.776910500000003,False
21,2020-11-03 12:38:31,1926,,2.0,HSS2002-0,117.36,2O20,2079,2105,CSC,No,,T000,,1.722258,False
22,2020-11-03 12:40:25,1926,,2.0,HSS2003-0,115.96,2020,2079,2105,CSC,No,,T000,,1.701713,False
23,2020-11-03 12:42:25,1926,,1.0,PL2001-0,975.7,2104,2079,2138,CSC,No,,T000,,14.318397500000001,False
24,2020-11-03 12:44:29,1926,,1.0,C1019-1,1799.48,2104,2079,2186,CSC,No,,T000,,26.407369,False
25,2020-11-03 12:46:08,1926,,1.0,B3015-0,695.13,2168,CSC,N/A,N/A,No,,T000,,10.201032750000001,False
26,2020-11-03 12:48:00,1926,,1.0,B2004-0,624.88,2075,CSC,N/A,N/A,No,,T000,,9.170114,False
27,2020-11-03 12:49:39,1926,,1.0,B2012,1232.37,2075,CSC,N/A,N/A,No,,T000,,18.08502975,False
28,2020-11-03 12:51:23,1926,,1.0,B3008-0,424.5,2168,CSC,N/A,N/A,No,,T000,,6.2295375,False
29,2020-11-03 12:53:07,1926,,1.0,B2023,523.75,2168,CSC,N/A,N/A,No,,T000,,7.686031250000001,False
30,2020-11-03 12:55:21,1926,,1.0,C1006-0,1579.28,2197,2079,2092,CSC,No,,T000,,23.175934,False
31,2020-11-03 14:39:34,1926,,1.0,B3021-0,779.07,2197,CSC,N/A,N/A,No,,T000,,11.432852250000002,False
32,2020-11-03 14:42:10,1926,,1.0,PL2000-0,988.05,2141,2130,2138,CSC,No,,T000,,14.499633750000001,False
33,2020-11-03 14:44:09,1926,,1.0,B3025-0,1420.79,2104,CSC,2104,CSC,No,,T000,,20.85009325,False
34,2020-11-04 10:37:18,1926,,1.0,B3011-0,516.72,2075,2079,N/A,N/A,No,,T000,,7.582866000000001,False
35,2020-11-04 10:39:12,1926,,2.0,HSS3018-0,3342.25,2104,2079,2104,2079,No,,T000,,49.04751875,False
36,2020-11-04 11:11:28,1926,,1.0,B3027-0,898.78,2197,CSC,2092,2079,Yes,11/4/2020,T000,,13.1895965,False
37,2020-11-04 14:14:01,1926,,1.0,HSS1025-1,876.89,2104,2079,2104,2079,No,,T000,,12.868360749999999,False
38,2020-11-04 14:16:29,1926,,1.0,C1007-0,1455.79,2104,2130,2104,2079,No,,T000,,21.36371825,False
39,2020-11-04 14:18:15,1926,,1.0,C1018-0,1999.96,2104,2079,2104,2079,No,,T000,,29.349413000000002,False
40,2020-11-05 07:40:22,1926,,4.0,HSS2000-0,400.3,2020,CSC,2105,CSC,No,,T000,,5.8744025,False
41,2020-11-05 07:42:44,1926,,6.0,HSS2001-0,389.08,2020,2130,2105,2130,No,,T000,,5.709749,False
42,2020-11-05 07:59:27,1926,,2.0,HSS1007-0,675.69,2141,CSC,2138,2079,Yes,11/5/2020,T000,,9.91575075,False
43,2020-11-05 08:20:38,1926,,1.0,B2007,1504.92,2141,CSC,2138,CSC,No,,T000,,22.084701000000003,False
44,2020-11-06 15:15:39,1926,,1.0,B3012-0,1071.91,2197,CSC,N/A,N/A,No,,T000,,15.730279250000002,False
45,2020-11-09 08:47:35,1926,,1.0,C1011-2,5520.79,2141,2130,2092,2079,No,,T000,,81.01759325,False
46,2020-11-09 14:36:58,1926,,1.0,C1005-1,2446.28,2020,JP,2105,2079,No,,T000,,35.899159000000004,False
47,2020-11-09 14:47:15,1926,,2.0,B2016,232.82,2168,2079,2020,2079,No,,T000,,3.4166335,False
48,2020-11-09 15:10:02,1926,,2.0,HSS1039-0,1433.48,2104,JG,2104,2079,No,,T000,,21.036319000000002,False
49,2020-11-10 08:55:30,1926,,1.0,B3044-0,3495.08,2197,2079,2138,2079,No,,T000,,51.290299,False
50,2020-11-10 11:28:23,1926,,1.0,B3014-0,861.13,2168,2079,N/A,N/A,No,,T000,,12.63708275,False
51,2020-11-10 14:27:37,1926,,2.0,B3005-0,526.81,2168,2079,N/A,N/A,No,,T000,,7.730936750000001,False
52,2020-11-10 14:30:40,1926,,1.0,C1013-1,6035.34,2141,2130,2138,CSC,No,,T000,,88.5686145,False
53,2020-11-10 14:33:49,2011,,1.0,EP144,20.42,2168,2079,2168,2079,No,,T000,,0.1557025,False
54,2020-11-10 14:35:55,2011,,1.0,EP146-0,54.45,2168,2079,2168,2079,No,,T000,,0.41518125000000006,False
55,2020-11-10 14:41:05,1926,,2.0,B3013-0,500.0,2168,2079,2168,2168,No,,T000,,7.3375,False
56,2020-11-10 14:43:33,1926,,1.0,B3006-0,449.43,2168,2079,N/A,N/A,No,,T000,,6.5953852500000005,False
57,2020-11-10 14:45:44,2018,,1.0,B3111-0,4799.77,2168,2079,N/A,N/A,No,,T000,,17.255173150000005,False
58,2020-11-10 14:47:56,1926,,2.0,B3005-0,526.81,2168,2079,N/A,N/A,No,,T000,,7.730936750000001,False
59,2020-11-10 14:50:20,2011,,1.0,EP145,40.84,2168,2079,2168,2168,No,,T000,,0.311405,False
60,2020-11-10 15:45:30,1926,,1.0,HSS3013,695.37,2104,2079,2104,2079,No,,T000,,10.204554750000002,False
61,2020-11-11 14:23:54,1926,,1.0,EP104-0,73.93,2105,2079,2105,2079,No,,T000,,1.0849227500000003,False
62,2020-11-11 14:27:09,1926,,3.0,EP107-0,219.58,2105,2079,2105,2079,No,,T000,,3.2223365000000004,False
63,2020-11-11 14:28:31,1926,,2.0,EP108-0,146.76,2105,2079,2105,2079,No,,T000,,2.153703,False
64,2020-11-11 14:29:52,1926,,11.0,EP109-0,422.26,2105,2079,2105,2079,No,,T000,,6.1966655,False
65,2020-11-11 14:56:33,1828,,1.0,PL28002-1,21.23,2084,2079,2084,2079,No,,T000,,,False
66,2020-11-11 14:58:26,1828,,1.0,PL28011,29.52,2084,2079,2084,2079,No,,T000,,,False
67,2020-11-11 15:00:32,1828,,6.0,PL28007-1,29.52,2084,2079,2084,2079,No,,T000,,,False
68,2020-11-11 15:03:29,1828,,2.0,PL28004-1,17.68,2084,2079,N/A,N/A,No,,T000,,,False
69,2020-11-11 15:08:19,1828,,2.0,PL28004-1,17.68,2084,2079,N/A,N/A,No,,T000,,,False
70,2020-11-11 15:09:58,1828,,1.0,PL28003-1,21.23,2084,2079,N/A,N/A,No,,T000,,,False
71,2020-11-11 15:11:44,1828,,1.0,PL28008-1,29.52,2084,2079,N/A,N/A,No,,T000,,,False
72,2020-11-11 15:12:59,1828,,1.0,PL28010-1,21.23,2084,2079,N/A,N/A,No,,T000,,,False
73,2020-11-11 15:16:18,1926,,1.0,B3035,291.22,2104,2079,N/A,N/A,No,,T000,,4.273653500000001,False
74,2020-11-11 15:17:55,1926,,1.0,B3046-0,291.22,2104,2079,N/A,N/A,No,,T000,,4.273653500000001,False
75,2020-11-12 12:48:59,1926,,1.0,HSS1021-0,894.59,2168,2079,2185,2079,No,,T000,,13.12810825,False
76,2020-11-12 12:51:50,1926,,1.0,B3033-0,528.44,2104,2079,2104,2079,No,,T000,,7.754857,False
77,2020-11-12 14:02:29,1926,,1.0,HSS3021-0,1438.18,2104,2079,2092,2079,No,,T000,,21.1052915,False
78,2020-11-12 14:04:35,1926,,1.0,HSS3011-0,1191.3,2104,2079,2092,2079,No,,T000,,17.4823275,False
79,2020-11-12 14:08:33,1926,,1.0,C3003-0,6154.14,2104,2079,2092,2079,No,,T000,,90.3120045,False
80,2020-11-12 14:09:58,2018,,1.0,B3127-0,4800.21,2141,2079,N/A,N/A,No,,T000,,17.25675495,False
81,2020-11-12 14:12:26,1926,,1.0,HSS1054-0,163.42,2168,2079,2168,2079,No,,T000,,2.3981885,False
82,2020-11-12 14:15:01,1926,,1.0,PL3008-0,639.4,2168,2130,2168,2079,No,,T000,,9.383195,False
83,2020-11-12 14:17:32,1926,,1.0,C1016-2,1860.25,2141,2079,2092,2079,No,,T000,,27.29916875,False
84,2020-11-12 14:19:44,1926,,1.0,HSS2004,981.51,2168,2079,2168,2079,No,,T000,,14.40365925,False
85,2020-11-13 15:07:33,1926,,1.0,B3002-0,874.61,2197,2079,N/A,N/A,No,,T000,,12.83490175,False
86,2020-11-13 15:10:23,1926,,1.0,C1004-0,3966.61,2104,2130,2092,2079,No,,T000,,58.21000175,False
87,2020-11-13 15:12:36,1926,,1.0,HSS1033-2,1225.75,2065,2130,2092,2079,No,,T000,,17.98788125,False
88,2020-11-13 15:14:35,1926,,1.0,B3003-0,776.26,2104,2130,2104,2079,No,,T000,,11.3916155,False
89,2020-11-13 15:34:30,1926,,1.0,HSS1030-0,1043.94,2178,2130,N/A,N/A,No,,T000,,15.319819500000001,False
90,2020-11-13 15:35:52,1926,,2.0,HSS1044-0,1377.16,2178,2130,N/A,N/A,No,,T000,,20.209823000000004,False
91,2020-11-13 15:37:37,1926,,2.0,HSS3023,3342.25,2104,2079,2104,2079,No,,T000,,49.04751875,False
92,2020-11-13 15:39:56,1926,,2.0,HSS1053-0,1918.3,2020,2130,2105,2130,No,,T000,,28.1510525,False
93,2020-11-13 15:42:14,1926,,1.0,B3017-0,690.33,2104,2130,N/A,N/A,No,,T000,,10.13059275,False
94,2020-11-13 15:44:03,1926,,1.0,B3038-0,229.37,2075,2130,N/A,N/A,No,,T000,,3.3660047500000005,False
95,2020-11-13 15:46:59,1926,,1.0,B2010-0,532.93,2104,2130,N/A,N/A,No,,T000,,7.820747749999999,False
96,2020-11-13 15:50:07,1926,,1.0,B2003-0,260.73,2104,2079,N/A,N/A,No,,T000,,3.8262127500000003,False
97,2020-11-13 15:52:38,1926,,1.0,B3019-0,186.66,2104,2130,N/A,N/A,No,,T000,,2.7392355,False
98,2020-11-19 07:55:57,2018,,1.0,C3110-0,6051.32,2020,CSC,2020,CSC,No,,T000,,21.7544954,False
99,2020-11-19 07:57:45,2018,,2.0,C3112-0,8875.26,2020,CSC,2020,CSC,No,,T000,,31.906559700000006,False
100,2020-11-19 12:24:54,1926,,1.0,C3005-0,6235.87,2197,2079,2092,2079,No,,T000,,91.51139225000001,False
101,2020-11-19 12:26:43,1926,,1.0,B3007,1161.39,2168,2079,2105,2079,No,,T000,,17.043398250000003,False
102,2020-11-19 12:28:40,1926,,12.0,HSS4004-0,879.62,2141,2079,2138,2079,No,,T000,,12.9084235,False
103,2020-11-19 12:31:53,2018,,1.0,C3124-0,128.48,2104,2079,2186,2079,No,,T000,,0.46188559999999995,False
104,2020-11-19 12:33:34,2018,,1.0,C3120-0,128.0,2104,2079,2186,2079,No,,T000,,0.46016,False
105,2020-11-19 12:35:20,2018,,1.0,C3126-0,129.0,2104,2079,2186,2079,No,,T000,,0.46375500000000003,False
106,2020-11-19 12:37:42,2018,,12.0,EP101-0,64.0,2079,2079,2079,2079,No,,T000,,0.23008,False
107,2020-11-19 12:39:40,2018,,7.0,EP100-0,33.0,2079,2079,2079,2079,No,,T000,,0.11863500000000002,False
108,2020-11-19 12:41:31,1926,,2.0,HSS4003-0,118.0,2141,2079,2141,2079,No,,T000,,1.73165,False
109,2020-11-19 12:43:17,1926,,2.0,HSS4002-0,116.0,2141,2079,2138,2079,No,,T000,,1.7023000000000001,False
110,2020-11-19 12:45:15,1926,,2.0,B4000-0,233.0,2141,2079,2138,2079,No,,T000,,3.4192750000000003,False
111,2020-11-19 12:47:30,1926,,1.0,C3008-0,6143.0,2168,2079,2185,2079,No,,T000,,90.148525,False
112,2020-11-19 12:55:36,1926,,1.0,PL3007-0,33.0,2193,2079,N/A,N/A,No,,T000,,0.48427500000000007,False
113,2020-11-19 12:57:26,1926,,2.0,LW1000-0,3.0,N/A,JG,N/A,N/A,No,,T000,,0.044025,False
114,2020-11-19 12:59:12,1926,,23.0,LW1001-0,46.0,N/A,JG,N/A,N/A,No,,T000,,0.67505,False
115,2020-11-19 13:00:35,1926,,30.0,LW1002-0,20.0,N/A,JG,N/A,N/A,No,,T000,,0.29350000000000004,False
116,2020-11-19 13:37:27,1926,,7.0,LW1003-0,5.0,N/A,JG,N/A,N/A,No,,T000,,0.07337500000000001,False
117,2020-11-19 13:38:56,1926,,20.0,LW1004-0,35.0,N/A,JG,N/A,N/A,No,,T000,,0.5136250000000001,False
118,2020-11-19 13:40:15,1926,,2.0,LW1006-0,4.0,N/A,JG,N/A,N/A,No,,T000,,0.0587,False
119,2020-11-19 13:41:51,1926,,1.0,B4015-0,988.0,2075,2079,N/A,N/A,No,,T000,,14.4989,False
120,2020-11-19 13:43:44,1926,,1.0,C3012-0,1543.0,2141,2079,2138,2079,No,,T000,,22.643525,False
121,2020-11-19 13:46:09,1926,,1.0,HSS3024-0,1672.0,2104,2213,2104,JG,No,,T000,,24.5366,False
122,2020-11-19 13:48:52,1926,,1.0,B4008-0,1400.0,2197,2178,N/A,N/A,No,,T000,,20.544999999999998,False
123,2020-11-19 13:50:51,1926,,1.0,B4011-0,428.0,2197,2079,N/A,N/A,No,,T000,,6.2809,False
124,2020-11-19 13:55:50,1926,,1.0,PL4002-0,989.0,2141,2178,2138,2079,No,,T000,,14.513575000000001,False
125,2020-11-19 13:58:29,1926,,1.0,B4004-0,1172.0,2141,2079,2141,2079,No,,T000,,17.1991,False
126,2020-11-19 14:00:29,1926,,2.0,b4005-0,1108.0,2141,2079,N/A,N/A,No,,T000,,16.259900000000002,False
127,2020-11-19 14:03:15,1926,,1.0,HSS3014-2,709.0,2104,2079,2104,2079,No,,T000,,10.404575,False
128,2020-11-19 14:22:32,1926,,2.0,B4006-0,897.0,2141,2079,2141,2079,No,,T000,,13.163475,False
129,2020-11-19 14:24:37,1926,,1.0,C3006-1,6068.0,2104,2079,2180,2079,No,,T000,,89.0479,False
130,2020-11-19 14:26:09,1926,,1.0,C3011-1,1674.0,2178,2079,2092,2079,No,,T000,,24.56595,False
131,2020-11-19 14:28:26,1926,,1.0,HSS1055-0,154.0,2168,2079,2185,2079,No,,T000,,2.25995,False
132,2020-11-19 14:30:04,1926,,1.0,HSS3022-0,1442.0,2104,2079,2104,JG,No,,T000,,21.16135,False
133,2020-11-19 14:31:40,1926,,1.0,B3004-0,473.0,2178,2079,N/A,N/A,No,,T000,,6.941275,False
134,2020-11-19 14:33:40,1926,,1.0,B3036-0,1874.0,2141,2079,2141,2079,No,,T000,,27.500950000000003,False
135,2020-11-19 14:35:31,1926,,1.0,HSS1029-0,1044.0,2141,2079,N/A,N/A,No,,T000,,15.3207,False
136,2020-11-19 14:37:02,1926,,1.0,HSS3017-0,1672.0,2104,2079,2104,2079,No,,T000,,24.5366,False
137,2020-11-19 14:38:29,1926,,1.0,HSS3016-0,1702.0,2104,2079,2104,2079,No,,T000,,24.97685,False
138,2020-11-19 14:40:05,1926,,1.0,HSS1037-2,713.0,2079,2130,2079,2130,No,,T000,,10.463275,False
139,2020-11-19 14:42:04,1926,,1.0,HSS3029-0,634.0,2178,2079,N/A,N/A,No,,T000,,9.30395,False
140,2020-11-19 14:43:33,1926,,1.0,HSS3027-0,634.0,2178,2079,N/A,N/A,No,,T000,,9.30395,False
141,2020-11-19 14:45:43,1926,,1.0,HSS1051-0,1046.0,2020,2213,2020,2213,No,,T000,,15.350050000000001,False
142,2020-11-19 14:47:02,2018,,1.0,B3118-0,4801.0,2141,2213,N/A,N/A,No,,T000,,17.259595,False
143,2020-11-19 14:50:20,1926,,1.0,HSS3028-1,629.0,2104,2079,2104,2213,No,,T000,,9.230575,False
144,2020-11-19 14:54:42,1926,,1.0,HSS3012-0,706.0,2065,2079,2065,2079,No,,T000,,10.36055,False
145,2020-11-19 14:56:25,1926,,1.0,HSS3015-0,653.0,2065,2079,N/A,N/A,No,,T000,,9.582775000000002,False
146,2020-11-19 14:58:37,1926,,1.0,C3013-0,1218.0,2104,2079,2104,2079,No,,T000,,17.87415,False
147,2020-11-19 15:03:58,1926,,1.0,C3009-0,1667.0,2065,2130,2065,2130,No,,T000,,24.463225,False
148,2020-11-20 11:23:03,2018,,1.0,C3125-0,129.0,2141,2079,2092,2141,No,,T000,,0.46375500000000003,False
149,2020-11-20 11:26:58,1926,,1.0,B3026-0,107.0,2178,2141,N/A,N/A,No,,T000,,1.570225,False
150,2020-11-20 11:28:30,1926,,1.0,B3022-0,180.0,2178,2141,N/A,N/A,No,,T000,,2.6415,False
151,2020-11-20 11:31:49,1926,,1.0,B4007-0,2163.0,2104,2079,2186,2141,No,,T000,,31.742024999999998,False
152,2020-11-20 11:33:27,2009,,1.0,PL100,12.0,2193,2141,N/A,N/A,No,,T000,,0.07566,False
153,2020-11-20 11:34:52,2009,,1.0,PL101,9.0,2193,2141,N/A,N/A,No,,T000,,0.05674499999999999,False
154,2020-11-20 11:36:25,2009,,7.0,PL102-0,50.0,2193,2141,N/A,N/A,No,,T000,,0.31525000000000003,False
155,2020-11-20 11:38:20,2009,,9.0,PL103-0,548.0,2193,2141,N/A,N/A,No,,T000,,3.45514,False
156,2020-11-20 11:40:07,2018,,30.0,PL3101-0,205.0,2193,2141,N/A,N/A,No,,T000,,0.736975,False
157,2020-11-20 11:41:36,2018,,2.0,PL3103,87.0,2193,2141,N/A,N/A,No,,T000,,0.312765,False
158,2020-11-20 11:43:13,2018,,36.0,PL3102-0,261.0,2193,2141,N/A,N/A,No,,T000,,0.9382950000000001,False
159,2020-11-20 11:45:30,2018,,1.0,B3135-0,584.0,2178,2141,N/A,N/A,No,,T000,,2.09948,False
160,2020-11-20 11:47:13,2018,,1.0,B3136-0,584.0,2178,2141,N/A,N/A,No,,T000,,2.09948,False
161,2020-11-20 11:49:25,1926,,1.0,PL4001-0,572.0,2141,2079,2186,2141,No,,T000,,8.3941,False
162,2020-11-20 11:53:00,1926,,1.0,B4016-0,1677.0,2075,2079,2105,2141,No,,T000,,24.609975000000002,False
163,2020-11-20 11:55:09,1926,,1.0,B1033-0,1944.0,2168,2079,2168,2141,No,,T000,,28.528200000000002,False
164,2020-11-20 11:59:27,1926,,1.0,C3004,6067.0,2168,2079,2185,2141,No,,T000,,89.033225,False
165,2020-11-20 12:01:07,2018,,1.0,B3134-0,240.0,2141,2079,2186,2141,No,,T000,,0.8628,False
166,2020-11-20 12:02:37,2018,,1.0,B3133-0,222.0,2141,2079,2186,2141,No,,T000,,0.7980900000000001,False
167,2020-11-20 12:04:10,2018,,1.0,B3151-0,228.0,2141,2213,2186,2141,No,,T000,,0.81966,False
168,2020-11-20 12:05:35,2018,,1.0,B3152-0,272.0,2141,2213,2186,2141,No,,T000,,0.9778400000000002,False
169,2020-11-20 12:07:17,1926,,1.0,B4001,525.0,2075,2141,N/A,N/A,No,,T000,,7.704375000000001,False
170,2020-11-20 12:08:48,1926,,1.0,B4002,424.0,2075,2141,N/A,N/A,No,,T000,,6.2222,False
171,2020-11-20 12:45:15,1926,,1.0,B4010-0,533.0,2197,2141,N/A,N/A,No,,T000,,7.821775000000001,False
172,2020-11-20 12:46:41,1926,,1.0,B4009-0,2163.0,2104,2079,2104,2141,No,,T000,,31.742024999999998,False
173,2020-11-20 12:48:59,2018,,1.0,C3131-0,128.0,2141,2079,2092,2141,No,,T000,,0.46016,False
174,2020-11-20 13:27:25,1926,,1.0,AN3008-0,62.0,2189,JG,N/A,N/A,No,,T000,,0.90985,False
175,2020-11-20 13:30:01,1926,,2.0,AN3010,122.0,2189,JG,N/A,N/A,No,,T000,,1.79035,False
176,2020-11-20 13:31:56,1926,,23.0,LW3010-0,16.0,2016,2141,N/A,N/A,No,,T000,,0.2348,False
177,2020-11-20 13:33:13,1926,,10.0,LW3011-0,15.0,2016,2141,N/A,N/A,No,,T000,,0.22012500000000002,False
178,2020-11-20 13:34:50,1926,,5.0,AN3011-0,192.0,2189,JG,N/A,N/A,No,,T000,,2.8176,False
179,2020-11-20 13:43:10,1926,,5.0,AN3011,192.0,2189,JG,N/A,N/A,No,,T000,,2.8176,False
180,2020-11-20 13:44:35,1926,,5.0,AN3012-0,192.0,2189,JG,N/A,N/A,No,,T000,,2.8176,False
181,2020-11-20 13:45:56,1926,,1.0,AN3013-0,239.0,2016,JG,N/A,N/A,No,,T000,,3.5073250000000002,False
182,2020-11-20 13:47:20,1926,,1.0,HSS4001,832.0,2138,2141,2138,2141,No,,T000,,12.2096,False
183,2020-11-20 13:48:58,1926,,1.0,BPL3000,292.0,2105,2141,2105,2141,No,,T000,,4.2851,False
184,2020-11-20 13:50:22,2018,,2.0,C3121,258.0,2141,2079,2092,2141,No,,T000,,0.9275100000000001,False
185,2020-11-20 13:52:00,2018,,1.0,C3123,129.0,2197,2079,2092,2141,No,,T000,,0.46375500000000003,False
186,2020-11-20 13:53:21,2018,,1.0,C3122,129.0,2197,2079,2092,2141,No,,T000,,0.46375500000000003,False
187,2020-11-20 13:54:35,2018,,1.0,C3109,128.0,2197,2079,2092,2141,No,,T000,,0.46016,False
188,2020-11-20 13:55:53,2018,,1.0,C3113,128.0,2197,2079,2092,2141,No,,T000,,0.46016,False
189,2020-11-20 13:57:27,2018,,1.0,C3130,129.0,2141,2213,2138,2141,No,,T000,,0.46375500000000003,False
190,2020-11-20 13:58:49,2018,,1.0,C3128,158.0,2141,2213,2138,2141,No,,T000,,0.56801,False
191,2020-11-20 14:01:13,1926,,1.0,C3000,2466.0,2075,2130,2185,2141,No,,T000,,36.188550000000006,False
192,2020-11-20 14:26:57,2018,,1.0,B3144,6656.0,2141,2178,N/A,N/A,No,,T000,,23.92832,False
193,2020-11-20 14:36:54,1926,,1.0,B3016,5225.0,2104,2079,2186,2079,No,,T000,,76.676875,False
194,2020-11-20 14:38:16,1926,,1.0,LW3004,2.0,2016,JG,N/A,N/A,No,,T000,,0.02935,False
195,2020-11-20 14:39:21,1926,,33.0,LW3003,22.0,2016,JG,N/A,N/A,No,,T000,,0.32284999999999997,False
196,2020-11-20 14:40:31,1926,,6.0,LW3000,4.0,2016,JG,N/A,N/A,No,,T000,,0.0587,False
197,2020-11-20 14:41:49,1926,,13.0,LW3006,9.0,2016,JG,N/A,N/A,No,,T000,,0.132075,False
198,2020-11-20 14:43:02,1926,,2.0,LW3005,4.0,2016,JG,N/A,N/A,No,,T000,,0.0587,False
199,2020-11-20 14:44:16,1926,,7.0,LW3007,14.0,2016,JG,N/A,N/A,No,,T000,,0.20545000000000002,False
200,2020-11-20 14:45:25,1926,,8.0,LW2000,14.0,2016,JG,N/A,N/A,No,,T000,,0.20545000000000002,False
201,2020-11-20 14:47:01,1926,,1.0,B4003,1471.0,2178,2079,2186,2141,No,,T000,,21.586925,False
202,2020-11-24 09:17:54,1926,,2.0,B4012,899.0,2178,2079,2186,2141,No,,T000,,13.192825000000001,False
203,2020-11-24 10:04:15,2011,,1.0,EP145,41.0,2020,2079,N/A,N/A,No,,T000,,0.312625,False
204,2020-11-24 10:05:34,2011,,1.0,EP144,21.0,2105,2079,N/A,N/A,No,,T000,,0.16012500000000002,False
205,2020-11-24 10:08:40,2009,,17.0,EP145,244.0,2020,2079,N/A,N/A,No,,T000,,1.53842,False
206,2020-11-24 10:10:10,2009,,12.0,EP140,165.0,2185,2079,N/A,N/A,No,,T000,,1.040325,False
207,2020-11-24 10:12:15,2009,,2.0,EP142,41.0,2020,2079,N/A,N/A,No,,T000,,0.258505,False
208,2020-11-24 10:13:43,2009,,4.0,EP148,94.0,2020,2079,N/A,N/A,No,,T000,,0.59267,False
209,2020-11-24 10:15:21,2009,,30.0,EA122,387.0,2020,2079,2020,2079,No,,T000,,2.440035,False
210,2020-11-24 10:17:52,2009,,2.0,EP144,34.0,2020,2079,2020,2079,No,,T000,,0.21437,False
212,2020-11-24 10:21:50,2018,,1.0,C2107,2580.0,2104,2141,2104,2141,No,,T000,,9.2751,False
213,2020-11-24 10:23:09,2009,,32.0,EP147,230.0,2105,2079,N/A,N/A,No,,T000,,1.45015,False
214,2020-11-24 10:25:14,1926,,1.0,B3020,4498.0,2178,2141,2186,2079,No,,T000,,66.00815,False
215,2020-11-24 10:27:27,1926,,1.0,B3018,3644.0,2168,2130,2185,2079,No,,T000,,53.4757,False
216,2020-11-24 10:29:42,2018,,1.0,B3140,5566.0,2075,2079,N/A,N/A,No,,T000,,20.00977,False
217,2020-11-24 10:31:20,2018,,1.0,B3145,5587.0,2075,2079,N/A,N/A,No,,T000,,20.085265,False
219,2020-11-24 10:43:06,2009,,75.0,EP121,1501.0,2020,JG,2020,JG,No,,T000,,9.463804999999999,False
220,2020-11-24 10:47:00,2009,,6.0,EP123,170.0,2020,JG,2020,JG,No,,T000,,1.07185,False
221,2020-11-24 11:07:07,2009,,39.0,EP122,1178.0,2020,2141,2020,2141,No,,T000,,7.427289999999999,False
222,2020-11-24 12:24:20,2034,,1.0,3.7-MS4,11.0,2105,2141,N/A,N/A,No,,T000,,0.20262,False
223,2020-11-24 12:25:44,2034,,1.0,3.7-MS2,52.0,2105,2141,N/A,N/A,No,,T000,,0.95784,False
224,2020-11-24 12:27:13,2034,,1.0,1.5-MS1,91.0,2020,2141,2020,2141,No,,T000,,1.67622,False
225,2020-11-24 12:28:50,2034,,1.0,3.7-MS3,7.0,2193,2141,N/A,N/A,No,,T000,,0.12894000000000003,False
226,2020-11-24 12:30:12,2034,,1.0,3.7-MS1,12.0,2193,2141,N/A,N/A,No,,T000,,0.22104000000000001,False
227,2020-11-24 12:31:29,2034,,1.0,3.7-MS5,12.0,2193,2141,N/A,N/A,No,,T000,,0.22104000000000001,False
228,2020-11-24 12:32:48,2034,,1.0,3.7-MS6,15.0,2193,2141,N/A,N/A,No,,T000,,0.2763,False
229,2020-11-24 12:34:39,2009,,1.0,EP152,32.0,2020,JG,N/A,N/A,No,,T000,,0.20176,False
230,2020-11-24 12:36:54,2009,,3.0,EP124,157.0,2020,JG,N/A,N/A,No,,T000,,0.989885,False
231,2020-11-24 12:38:17,2009,,2.0,EP151,85.0,2020,JG,N/A,N/A,No,,T000,,0.535925,False
232,2020-11-24 12:40:18,2009,,2.0,EP134,118.0,2020,JG,N/A,N/A,No,,T000,,0.7439899999999999,False
233,2020-11-24 12:41:56,2009,,2.0,EP132,45.0,2020,JG,N/A,N/A,No,,T000,,0.28372499999999995,False
234,2020-11-24 12:52:28,2009,,2.0,EP130,54.0,2020,JG,N/A,N/A,No,,T000,,0.34047,False
235,2020-11-24 12:53:37,2009,,5.0,EP128,477.0,2020,JG,N/A,N/A,No,,T000,,3.0074849999999995,False
236,2020-11-24 12:55:07,2009,,1.0,EP135,85.0,2020,JG,N/A,N/A,No,,T000,,0.535925,False
237,2020-11-24 12:56:41,2018,,1.0,B3125,5488.0,2075,2141,2186,2141,No,,T000,,19.729360000000003,False
238,2020-11-24 12:58:38,1926,,1.0,B4014,1671.0,2075,2079,2185,2141,No,,T000,,24.521925000000003,False
239,2020-11-24 12:59:52,2018,,1.0,C3129,164.0,2178,2141,2186,2141,No,,T000,,0.5895800000000001,False
240,2020-11-24 13:01:52,2018,,2.0,C3127,256.0,2178,2141,2186,2141,No,,T000,,0.92032,False
241,2020-11-24 13:05:02,2018,,1.0,B3143,6630.0,2075,2141,N/A,N/A,No,,T000,,23.83485,False
242,2020-11-24 13:06:19,2018,,1.0,B3110,6630.0,2075,2141,N/A,N/A,No,,T000,,23.83485,False
243,2020-11-24 13:07:52,2018,,1.0,B3106,2089.0,2178,2141,2186,2141,No,,T000,,7.509955000000001,False
244,2020-11-24 13:09:35,1926,,1.0,B3001,3021.0,2104,2141,2104,2141,No,,T000,,44.333175000000004,False
245,2020-11-24 13:11:56,1926,,2.0,B4013,900.0,2178,2079,2186,2141,No,,T000,,13.207500000000001,False
246,2020-11-24 13:13:50,1926,,1.0,HSS4000,982.0,2178,2079,2186,2141,No,,T000,,14.41085,False
247,2020-11-24 13:16:36,1926,,1.0,PL4000,988.0,2178,2079,2186,2141,No,,T000,,14.4989,False
248,2020-11-24 13:17:45,1926,,1.0,HSS3019,1679.0,2104,2079,2186,2141,No,,T000,,24.639325000000003,False
249,2020-11-24 13:19:00,1926,,1.0,B2009,1509.0,2104,2079,2186,2141,No,,T000,,22.144575,False
250,2020-11-24 13:20:27,1926,,1.0,B2013,567.0,2186,2079,2186,2079,No,,T000,,8.320725,False
251,2020-11-24 13:21:59,1926,,1.0,AS1008,858.0,2178,2130,2186,2130,No,,T000,,12.59115,False
252,2020-11-24 13:23:16,1926,,1.0,AS1025,820.0,2178,2079,2186,2141,No,,T000,,12.0335,False
253,2020-11-24 13:24:33,1926,,1.0,B1002,1287.0,2104,2130,2186,2130,No,,T000,,18.886725,False
254,2020-11-24 13:25:50,1926,,1.0,C1014-1,880.0,2197,2130,2186,2130,No,,T000,,12.914000000000001,False
255,2020-11-24 13:27:31,1926,,1.0,HSS1035-2,1058.0,2104,2079,2186,2079,No,,T000,,15.526150000000001,False
256,2020-11-24 13:29:07,1926,,1.0,hss1049-1,892.0,2178,CSC,2186,2141,No,,T000,,13.090100000000001,False
257,2020-11-24 13:31:28,1926,,1.0,as1025,820.0,2104,2079,2186,2141,No,,T000,,12.0335,False
258,2020-11-25 07:13:38,2009,,71.0,ep150,1450.0,2020,2079,N/A,N/A,No,,T000,,9.142249999999999,False
259,2020-11-30 08:00:36,1926,,1.0,HSS3010-1,1270.0,2141,2079,2141,2079,No,,T000,,18.63725,False
260,2020-11-30 12:59:17,2018,,1.0,B5117,216.0,2065,2130,N/A,N/A,No,,T000,,0.77652,False
261,2020-11-30 13:01:05,2018,,2.0,B5114,402.0,2065,2130,N/A,N/A,No,,T000,,1.4451900000000002,False
262,2020-11-30 13:02:20,2018,,1.0,B5118,196.0,2065,2130,N/A,N/A,No,,T000,,0.70462,False
263,2020-11-30 13:20:26,2018,,1.0,B5113,207.0,2065,2130,N/A,N/A,No,,T000,,0.744165,False
264,2020-11-30 13:21:34,2018,,1.0,B5115,210.0,2065,2130,N/A,N/A,No,,T000,,0.75495,False
265,2020-11-30 13:22:45,2018,,4.0,B5111,685.0,2065,2130,N/A,N/A,No,,T000,,2.462575,False
266,2020-11-30 13:24:06,2018,,2.0,B5112,818.0,2065,2130,N/A,N/A,No,,T000,,2.94071,False
267,2020-11-30 13:25:41,2018,,1.0,B5116,220.0,2168,2079,N/A,N/A,No,,T000,,0.7909,False
268,2020-11-30 13:26:53,1926,,1.0,B3045,492.0,2168,CSC,2185,2079,No,,T000,,7.2201,False
269,2020-11-30 13:29:15,2018,,15.0,B5106,3346.0,2168,2079,N/A,N/A,No,,T000,,12.028870000000001,False
270,2020-11-30 13:30:43,1926,,1.0,B3024,807.0,2197,2079,2186,2079,No,,T000,,11.842725000000002,False
271,2020-11-30 13:32:00,2018,,1.0,B3148,5581.0,2075,2079,N/A,N/A,No,,T000,,20.063695000000003,False
272,2020-11-30 13:33:36,2011,,19.0,AN2000,1466.0,2105,2079,2020,2079,No,,T000,,11.17825,False
273,2020-11-30 13:34:50,1926,,1.0,B3000,1425.0,2197,2079,2197,2079,No,,T000,,20.911875000000002,False
274,2020-11-30 13:36:11,2018,,1.0,B3146,5566.0,2075,2079,N/A,N/A,No,,T000,,20.00977,False
275,2020-11-30 13:37:32,2018,,14.0,B4105,3123.0,2197,2079,N/A,N/A,No,,T000,,11.227185000000002,False
276,2020-11-30 13:38:53,1926,,1.0,B3040,3328.0,2104,2141,2104,2079,No,,T000,,48.8384,False
277,2020-11-30 13:41:05,2011,,31.0,AN2001,4782.0,2105/2020,2079/NIGHT SHIFT,2105/2020,2079/NIGHT SHIFT,No,,T000,,36.46275,False
278,2020-11-30 13:42:10,2018,,1.0,B4109,224.0,2197,2141,N/A,N/A,No,,T000,,0.8052800000000001,False
279,2020-11-30 13:44:03,2018,,2.0,B3144,13313.0,2141,2178,2141,2079,No,,T000,,47.860235,False
280,2020-11-30 13:45:05,2018,,2.0,B4107,131.0,2065,2141,N/A,N/A,No,,T000,,0.47094500000000006,False
281,2020-11-30 13:46:12,2018,,2.0,B4106,818.0,2065,2141,N/A,N/A,No,,T000,,2.94071,False
282,2020-11-30 13:47:29,2018,,3.0,C4103,14916.0,2141,2079,2104,2141,No,,T000,,53.623020000000004,False
283,2020-11-30 13:48:48,1926,,1.0,B3028,2254.0,2065,2141,2034,2079,No,,T000,,33.07745,False
284,2020-11-30 13:49:53,2018,,3.0,C4102,11880.0,2141,2079,2104,2079,No,,T000,,42.708600000000004,False
285,2020-11-30 13:56:31,2018,,1.0,B4108,212.0,2197,2141,N/A,N/A,No,,T000,,0.76214,False
286,2020-12-02 11:25:52,2018,,2.0,B5107,224.0,2104,2079,2104,2079,No,,T000,,0.8052800000000001,False
287,2020-12-02 11:27:28,2018,,1.0,B3117,5500.0,2075,2079,2105,2141,No,,T000,,19.7725,False
288,2020-12-02 11:29:26,2018,,3.0,C4101,15371.0,2141,2079,2186,2079,No,,T000,,55.258745000000005,False
289,2020-12-02 11:30:28,2018,,1.0,C5101,2840.0,2178,2130,2186,2079,No,,T000,,10.2098,False
290,2020-12-02 11:31:37,2018,,1.0,B4110,238.0,2197,2079,2197,2079,No,,T000,,0.85561,False
291,2020-12-02 11:34:21,1926,,1.0,B3010,2651.0,2065,2141,N/A,N/A,No,,T000,,38.903425,False
292,2020-12-02 11:36:11,1926,,1.0,HSS3020,1936.0,2065,2079,2020,2079,No,,T000,,28.410800000000002,False
293,2020-12-02 11:37:29,1926,,1.0,B3009,3342.0,2141,2079,N/A,N/A,No,,T000,,49.043850000000006,False
294,2020-12-02 11:39:32,2018,,1.0,B3139,907.0,2065,2020,N/A,N/A,No,,T000,,3.2606650000000004,False
295,2020-12-02 11:41:05,1926,,1.0,B2008,1141.0,2178,2079,N/A,N/A,No,,T000,,16.744175000000002,False
296,2020-12-02 11:42:26,1926,,2.0,B2001,858.0,2141,2079,N/A,N/A,No,,T000,,12.59115,False
297,2020-12-02 11:43:37,2018,,2.0,B5108,131.0,2104,2079,N/A,N/A,No,,T000,,0.47094500000000006,False
298,2020-12-02 11:45:42,1926,,1.0,C2001-2,2197.0,2141,2141,2092,2079,No,,T000,,32.240975000000006,False
299,2020-12-02 11:47:37,2018,,1.0,BR3103,61.0,2168,2079,2168,2079,No,,T000,,0.21929500000000002,False
300,2020-12-02 11:49:11,2018,,1.0,BR3101,125.0,2168,2079,2168,2079,No,,T000,,0.449375,False
301,2020-12-02 11:51:14,2018,,1.0,C5102,2764.0,2178,2130,2138/2178,2079,No,,T000,,9.93658,False
302,2020-12-02 11:53:43,2018,,1.0,B5101,106.0,2065,2079,2065,2079,No,,T000,,0.38107,False
303,2020-12-02 12:08:19,2018,,1.0,B5102,106.0,2065,2079,2065,2079,No,,T000,,0.38107,False
304,2020-12-02 12:09:50,1839,,1.0,S36048,293.0,2104,2079,2104,2079,No,,T000,,,False
305,2020-12-02 12:11:03,1839,,1.0,S36046,292.0,2104,2079,2104,2079,No,,T000,,,False
306,2020-12-02 12:12:37,2018,,1.0,BR5101,2933.0,2104,2130,2104,2130,No,,T000,,10.544135,False
307,2020-12-02 12:13:56,2018,,1.0,BR5102,2923.0,2104,2130,2104,2130,No,,T000,,10.508185000000001,False
308,2020-12-02 12:15:30,2018,,1.0,BR3102,51.0,2168,2130,2168,2130,No,,T000,,0.183345,False
309,2020-12-02 12:16:59,2018,,2.0,B5119,184.0,2065,2130,N/A,N/A,No,,T000,,0.6614800000000001,False
310,2020-12-02 12:18:11,2018,,2.0,B5109,38.0,2065,2130,N/A,N/A,No,,T000,,0.13661,False
311,2020-12-02 12:19:42,2018,,2.0,B5110,46.0,2065,2130,N/A,N/A,No,,T000,,0.16537000000000002,False
312,2020-12-02 12:21:37,1926,,1.0,B2018,424.0,2141,2079,N/A,N/A,No,,T000,,6.2222,False
313,2020-12-02 12:22:49,1926,,1.0,B2017,525.0,2141,2079,N/A,N/A,No,,T000,,7.704375000000001,False
314,2020-12-02 12:24:16,1926,,2.0,HSS1053,1919.0,2197,CSC,2092,CSC,No,,T000,,28.161325,False
315,2020-12-02 12:25:32,2018,,3.0,C4104,10933.0,2020,2141,2020,2141,No,,T000,,39.304135,False
316,2020-12-03 12:21:37,2018,,3.0,B4101,20103.0,2104,2079,2178/2104,2079,No,,T000,,72.27028500000002,False
317,2020-12-03 12:22:53,2018,,1.0,B3126,5499.0,2075,2141,2105,2079,No,,T000,,19.768905,False
318,2020-12-03 12:24:08,2011,,1.0,EP146,54.0,2105,2079,2105,2079,No,,T000,,0.41175,False
319,2020-12-03 12:25:55,2018,,30.0,AN3109,1360.0,2168,2079,N/A,N/A,No,,T000,,4.889200000000001,False
320,2020-12-03 12:27:14,2018,,2.0,AN3106,94.0,2105,2079,N/A,N/A,No,,T000,,0.33793,False
321,2020-12-03 12:29:02,1926,,1.0,HSS401,42.0,2178,2079,2178,2079,No,,T000,,0.6163500000000001,False
322,2020-12-03 12:32:15,1839,,1.0,S36042,299.0,2178,2079,2186,2079,No,,T000,,,False
323,2020-12-03 12:33:36,1839,,1.0,S36040,296.0,2178,2079,2186,2079,No,,T000,,,False
324,2020-12-03 12:35:06,1839,,1.0,S36038,305.0,2178,2079,2186,2079,No,,T000,,,False
325,2020-12-03 12:36:47,2018,,36.0,PL4102,260.0,2193,2079,N/A,N/A,No,,T000,,0.9347000000000001,False
326,2020-12-03 12:38:08,2018,,44.0,PL5102,318.0,2193,2079,N/A,N/A,No,,T000,,1.14321,False
327,2020-12-03 12:39:29,2018,,30.0,AN3103,1361.0,2168,2079,N/A,N/A,No,,T000,,4.8927950000000004,False
328,2020-12-03 12:40:48,2034,,1.0,11-MS2,85.0,2168,2079,2185,2075,No,,T000,,1.5657000000000003,False
329,2020-12-03 12:42:08,2034,,3.0,11-MS1,245.0,2168,2079,2185,2079,No,,T000,,4.5129,False
330,2020-12-03 12:43:26,1926,,1.0,HSS400,77.0,2178,2079,2186,2079,No,,T000,,1.129975,False
331,2020-12-03 12:45:08,2018,,3.0,AN3105,140.0,2105,2079,N/A,N/A,No,,T000,,0.5033000000000001,False
332,2020-12-03 12:46:10,2018,,1.0,AN3101,48.0,2105,2079,N/A,N/A,No,,T000,,0.17256000000000002,False
333,2020-12-03 12:47:29,2018,,2.0,AN3112,94.0,2105,2079,N/A,N/A,No,,T000,,0.33793,False
334,2020-12-03 12:49:01,2018,,3.0,AN3111,140.0,2020,2079,N/A,N/A,No,,T000,,0.5033000000000001,False
335,2020-12-03 12:50:11,2018,,1.0,AN3107,48.0,2020,2079,N/A,N/A,No,,T000,,0.17256000000000002,False
336,2020-12-03 12:51:57,1839,,1.0,S36041,293.0,2178,2130,2178,2130,No,,T000,,,False
337,2020-12-03 12:53:25,1839,,1.0,S36039,297.0,2178,2130,2178,2130,No,,T000,,,False
338,2020-12-03 12:55:07,1839,,1.0,S36043,296.0,2178,2130,2178,2130,No,,T000,,,False
339,2020-12-03 12:56:29,2018,,1.0,AS3114,99.0,2105,2079,2105,2079,No,,T000,,0.355905,False
340,2020-12-03 12:57:51,2018,,10.0,B6104,2230.0,2075,2079,N/A,N/A,No,,T000,,8.01685,False
341,2020-12-03 12:59:25,2018,,1.0,BR6101,3029.0,2168,2079,2168,2079,No,,T000,,10.889255,False
342,2020-12-03 13:00:42,2018,,1.0,BR6102,3018.0,2168,2079,2186,2079,No,,T000,,10.84971,False
343,2020-12-03 13:02:19,2018,,3.0,B4103,20026.0,2141,2079,2141,2079,No,,T000,,71.99347,False
344,2020-12-03 13:03:43,2018,,1.0,AS3115,99.0,2020,2079,2020,2079,No,,T000,,0.355905,False
345,2020-12-03 13:09:59,1926,,1.0,PL400,6.0,2178,2079,2186,2079,No,,T000,,0.08805,False
346,2020-12-04 08:56:22,2018,,36.0,pl6101,260.0,2193,2130,N/A,N/A,No,,T000,,0.9347000000000001,False
347,2020-12-04 08:57:42,2018,,28.0,pl6102,190.0,2193,2130,N/A,N/A,No,,T000,,0.68305,False
348,2020-12-04 08:59:11,1839,,1.0,S36044,290.0,2104,2130,2104,2130,No,,T000,,,False
349,2020-12-04 09:05:55,1839,,1.0,S36049,290.0,2104,2130,2104,2130,No,,T000,,,False
350,2020-12-04 09:07:17,1839,,1.0,S36047,290.0,2104,2130,2104,2130,No,,T000,,,False
351,2020-12-04 09:08:47,1839,,1.0,S36045,289.0,2104,2130,2104,2130,No,,T000,,,False
352,2020-12-04 09:10:13,2018,,1.0,AN3108,38.0,2020,2130,N/A,N/A,No,,T000,,0.13661,False
353,2020-12-04 09:11:44,2018,,1.0,AN3102,38.0,2020,2130,N/A,N/A,No,,T000,,0.13661,False
354,2020-12-04 09:13:01,2018,,1.0,B6113,157.0,2065,2130,2065,2130,No,,T000,,0.564415,False
355,2020-12-04 09:14:16,2018,,1.0,B6118,124.0,2065,2130,N/A,N/A,No,,T000,,0.44578,False
356,2020-12-04 09:15:39,2018,,1.0,B6119,189.0,2065,2130,N/A,N/A,No,,T000,,0.679455,False
357,2020-12-04 09:16:55,2018,,1.0,B6120,206.0,2065,2130,N/A,N/A,No,,T000,,0.74057,False
358,2020-12-04 09:17:58,2018,,3.0,B6116,602.0,2065,2130,N/A,N/A,No,,T000,,2.16419,False
359,2020-12-04 09:19:04,2018,,1.0,B6121,217.0,2065,2130,N/A,N/A,No,,T000,,0.780115,False
360,2020-12-04 09:20:17,2018,,1.0,B6117,274.0,2065,2130,2065,2130,No,,T000,,0.9850300000000002,False
361,2020-12-04 09:21:32,2018,,1.0,AS3110,28.0,2105,2130,2105,2130,No,,T000,,0.10066000000000001,False
362,2020-12-04 09:22:51,2018,,32.0,AN3110,1224.0,2020,2079,N/A,N/A,No,,T000,,4.40028,False
363,2020-12-04 09:24:01,2018,,32.0,AN3104,1228.0,2020,2079,N/A,N/A,No,,T000,,4.4146600000000005,False
364,2020-12-04 09:25:51,2018,,1.0,AS3112,28.0,2105,2079,2105,2079,No,,T000,,0.10066000000000001,False
365,2020-12-04 09:29:06,2018,,2.0,AS3111,57.0,2105,2079,2105,2079,No,,T000,,0.204915,False
366,2020-12-04 09:30:26,2018,,2.0,AS3113,57.0,2105,2079,2105,2079,No,,T000,,0.204915,False
367,2020-12-04 09:32:14,2011,,1.0,C1107,440.0,2178,2130,2178,2079,No,,T000,,3.355,False
368,2020-12-05 09:16:02,2018,,2.0,B6122,1778.0,2065,2079,2065,2079,No,,T000,,6.39191,False
369,2020-12-05 09:17:50,1926,,1.0,C3015,107.0,2104,2079,2104,2079,No,,T000,,1.570225,False
370,2020-12-05 09:19:19,2018,,4.0,PL6103,81.0,2193,2079,N/A,N/A,No,,T000,,0.29119500000000004,False
371,2020-12-05 09:20:58,2018,,6.0,PL5101,81.0,2193,2079,N/A,N/A,No,,T000,,0.29119500000000004,False
372,2020-12-05 09:22:31,2018,,30.0,PL4101,204.0,2193,2079,N/A,N/A,No,,T000,,0.73338,False
373,2020-12-05 09:23:49,2018,,36.0,PL5103,245.0,2193,2079,N/A,N/A,No,,T000,,0.8807750000000001,False
374,2020-12-05 09:25:03,2018,,1.0,C6110,2875.0,2104,2079,2104,2079,No,,T000,,10.335625,False
375,2020-12-05 09:26:16,2018,,3.0,AN3127,749.0,2065,2079,N/A,N/A,No,,T000,,2.6926550000000002,False
376,2020-12-05 09:27:25,2018,,1.0,AN3128,194.0,2065,2079,N/A,N/A,No,,T000,,0.6974300000000001,False
377,2020-12-05 09:28:28,2018,,1.0,AN3132,122.0,2065,2079,N/A,N/A,No,,T000,,0.43859000000000004,False
378,2020-12-05 09:29:44,2018,,1.0,AN3129,285.0,2065,2079,N/A,N/A,No,,T000,,1.024575,False
379,2020-12-05 09:30:51,2018,,1.0,AN3126,250.0,2065,2079,N/A,N/A,No,,T000,,0.89875,False
380,2020-12-05 09:31:56,2018,,2.0,B6114,817.0,2065,2130,N/A,N/A,No,,T000,,2.937115,False
381,2020-12-05 09:33:04,2018,,2.0,B6115,130.0,2065,2130,N/A,N/A,No,,T000,,0.46735000000000004,False
382,2020-12-05 09:34:15,2018,,1.0,C6101,1728.0,2075,2079,2075,2079,No,,T000,,6.21216,False
383,2020-12-05 09:35:20,2018,,1.0,C6111,1705.0,2075,2079,2075,2079,No,,T000,,6.129475,False
384,2020-12-05 09:37:00,2018,,1.0,B3131,5679.0,2197,2130,2197,2130,No,,T000,,20.416005000000002,False
385,2020-12-07 11:07:44,2018,,1.0,AS3107,5335.0,2020,2079,2020,2079,No,,T000,,19.179325000000002,False
386,2020-12-07 11:08:56,2018,,3.0,C6109,7653.0,2104,2079/2130,2104,2079,No,,T000,,27.512535,False
387,2020-12-07 11:10:16,2018,,1.0,AN3134,177.0,2104,2079,N/A,N/A,No,,T000,,0.636315,False
388,2020-12-07 11:11:21,2018,,2.0,AN3133,348.0,2104,2079,N/A,N/A,No,,T000,,1.25106,False
389,2020-12-07 11:12:46,2018,,1.0,AS3108,5335.0,2178,2079,2178,2079,No,,T000,,19.179325000000002,False
390,2020-12-08 13:22:27,2018,,3.0,B4101,20103.0,2178,2079,2178,2079,No,,T000,,72.27028500000002,False
391,2020-12-08 13:23:46,2018,,1.0,AS3102,4974.0,2178,2079,2178,2079,No,,T000,,17.88153,False
392,2020-12-08 13:24:45,2018,,1.0,AN3121,177.0,2104,2079,N/A,N/A,No,,T000,,0.636315,False
393,2020-12-08 13:57:19,2018,,1.0,C6102,1010.0,2178,2079,2186,2079,No,,T000,,3.6309500000000003,False
394,2020-12-08 13:58:40,2018,,42.0,AN3124,1586.0,2105,2079,N/A,N/A,No,,T000,,5.701670000000001,False
395,2020-12-08 13:59:47,2018,,1.0,AN3122,172.0,2168,2079,N/A,N/A,No,,T000,,0.61834,False
396,2020-12-08 14:00:57,2018,,1.0,AN3123,172.0,2168,2079,N/A,N/A,No,,T000,,0.61834,False
397,2020-12-08 14:03:38,2018,,1.0,C6106,1335.0,2104,2079,2104,2079,No,,T000,,4.7993250000000005,False
398,2020-12-08 14:04:56,2018,,1.0,C6103,1050.0,2104,2079,2104,2079,No,,T000,,3.7747500000000005,False
399,2020-12-08 14:06:16,2018,,180.0,AN4101,4411.0,2067,2079,N/A,N/A,No,,T000,,15.857545,False
400,2020-12-08 14:08:36,2018,,1.0,C6104,1039.0,2178,2079,2186,2079,No,,T000,,3.735205,False
401,2020-12-08 14:10:18,2018,,1.0,B5103,8871.0,2141,2079,2141,2079,No,,T000,,31.891245000000005,False
402,2020-12-08 14:11:24,2018,,1.0,AN3117,172.0,2168,2079,N/A,N/A,No,,T000,,0.61834,False
403,2020-12-08 14:12:35,2018,,1.0,AN3115,172.0,2168,2079,N/A,N/A,No,,T000,,0.61834,False
404,2020-12-08 14:13:44,2018,,1.0,AN3130,156.0,2168,2079,N/A,N/A,No,,T000,,0.56082,False
405,2020-12-08 14:15:03,2018,,1.0,AS5105,66.0,2104,2079,2104,2079,No,,T000,,0.23727000000000004,False
406,2020-12-08 14:19:56,2018,,3.0,C5104,7653.0,2104,2079,2104,2079,No,,T000,,27.512535,False
407,2020-12-08 14:21:35,2018,,1.0,C6105,2951.0,2178,2079,2186,2079,No,,T000,,10.608845,False
408,2020-12-08 14:23:05,2018,,3.0,C6112,7882.0,2178,2079/2130,2185,2079,No,,T000,,28.33579,False
409,2020-12-08 14:24:17,2018,,2.0,AS5113,58.0,2178,2079,2186,2079,No,,T000,,0.20851000000000003,False
410,2020-12-08 14:25:27,2018,,2.0,AS5103,57.0,2178,2079,2186,2079,No,,T000,,0.204915,False
411,2020-12-08 14:27:21,2018,,1.0,AS3109,5322.0,2178,2079,2178,2079,No,,T000,,19.13259,False
412,2020-12-08 14:28:46,2018,,12.0,AN3119,2162.0,2104,2079,N/A,N/A,No,,T000,,7.772390000000001,False
413,2020-12-08 14:30:03,2018,,2.0,as5114,58.0,2178,2079,2186,2079,No,,T000,,0.20851000000000003,False
414,2020-12-08 14:31:10,2018,,2.0,as5101,57.0,2178,2079,2186,2079,No,,T000,,0.204915,False
415,2020-12-08 14:32:24,2018,,1.0,as5104,29.0,2178,2079,2186,2079,No,,T000,,0.10425500000000001,False
416,2020-12-08 14:33:43,2018,,1.0,AS5102,29.0,2178,2079,2186,2079,No,,T000,,0.10425500000000001,False
417,2020-12-08 14:34:56,2018,,1.0,C6107,1320.0,2065,2130,2185,2079,No,,T000,,4.7454,False
418,2020-12-08 14:36:19,2018,,2.0,AS4101,57.0,2178,2079,2186,2079,No,,T000,,0.204915,False
419,2020-12-08 14:38:31,2018,,1.0,as4102,28.0,2178,2079,2186,2075,No,,T000,,0.10066000000000001,False
420,2020-12-08 14:41:32,2018,,2.0,as4103,57.0,2178,2079,2186,2079,No,,T000,,0.204915,False
421,2020-12-08 14:42:48,2018,,1.0,as4106,28.0,2178,2079,2186,2079,No,,T000,,0.10066000000000001,False
422,2020-12-08 14:43:54,2018,,1.0,an3131,322.0,2168,2079,N/A,N/A,No,,T000,,1.1575900000000001,False
423,2020-12-09 13:52:24,1926,,1.0,C3014,1549.0,2197,2079,2092,2079,No,,T000,,22.731575,False
424,2020-12-09 13:56:54,2011,,9.0,EP147,302.0,2020,2079,2020,2079,No,,T000,,2.30275,False
425,2020-12-09 13:57:55,2011,,1.0,EP110,17.0,2020,2079,2020,2079,No,,T000,,0.12962500000000002,False
426,2020-12-09 13:59:52,1926,,1.0,B1017,1182.0,2104,2079,2104,2079,No,,T000,,17.34585,False
427,2020-12-09 14:30:32,2018,,1.0,C2118,2596.0,2104,JG,2104,JG,No,,T000,,9.33262,False
428,2020-12-09 14:31:42,2018,,1.0,C2112,3081.0,2104,JG,2104,2079,No,,T000,,11.076195,False
429,2020-12-09 14:33:03,2018,,1.0,C6108,1236.0,2168,2079,2185,2079,No,,T000,,4.443420000000001,False
430,2020-12-09 14:34:11,2018,,1.0,AN3120,173.0,2178,JG,N/A,N/A,No,,T000,,0.621935,False
431,2020-12-09 14:35:14,2018,,1.0,AN3118,173.0,2178,JG,N/A,N/A,No,,T000,,0.621935,False
432,2020-12-09 14:36:27,2018,,1.0,B6101,6864.0,2141,2079,2141,2079,No,,T000,,24.676080000000002,False
433,2020-12-09 14:38:32,2018,,1.0,B5105,7335.0,2092,2079,2197,2079,No,,T000,,26.369325,False
434,2020-12-09 14:40:03,2018,,1.0,AN4108,48.0,2168,2079,N/A,N/A,No,,T000,,0.17256000000000002,False
435,2020-12-09 14:41:03,2018,,2.0,AN4111,91.0,2168,2079,N/A,N/A,No,,T000,,0.327145,False
436,2020-12-09 14:42:07,2018,,2.0,AN4106,91.0,2168,2079,N/A,N/A,No,,T000,,0.327145,False
437,2020-12-09 14:43:14,2018,,3.0,AN4107,136.0,2168,2079,N/A,N/A,No,,T000,,0.4889200000000001,False
438,2020-12-09 14:44:10,2018,,1.0,AN5117,27.0,2105,2079,N/A,N/A,No,,T000,,0.097065,False
439,2020-12-09 14:45:12,2018,,1.0,AN5108,45.0,2105,2079,N/A,N/A,No,,T000,,0.161775,False
440,2020-12-09 14:46:12,2018,,1.0,AN5118,59.0,2105,2079,N/A,N/A,No,,T000,,0.212105,False
441,2020-12-09 14:47:14,2018,,1.0,AN5120,28.0,2105,2079,N/A,N/A,No,,T000,,0.10066000000000001,False
442,2020-12-09 14:49:00,2018,,1.0,AN5110,30.0,2105,2079,N/A,N/A,No,,T000,,0.10785,False
443,2020-12-09 14:50:08,2018,,1.0,AN5121,28.0,2105,2079,N/A,N/A,No,,T000,,0.10066000000000001,False
444,2020-12-09 14:51:09,2018,,1.0,AN5125,43.0,2020,2079,2020,2079,No,,T000,,0.154585,False
445,2020-12-09 14:52:18,2018,,1.0,AN5123,45.0,2020,2079,N/A,N/A,No,,T000,,0.161775,False
446,2020-12-09 14:53:21,2018,,1.0,AN5116,27.0,2020,2079,N/A,N/A,No,,T000,,0.097065,False
447,2020-12-09 14:54:28,2018,,1.0,AN4102,48.0,2168,2079,N/A,N/A,No,,T000,,0.17256000000000002,False
448,2020-12-09 14:55:32,2018,,1.0,AN4113,45.0,2168,2079,N/A,N/A,No,,T000,,0.161775,False
449,2020-12-09 14:56:39,2018,,3.0,AN4112,136.0,2168,2079,N/A,N/A,No,,T000,,0.4889200000000001,False
450,2020-12-09 14:57:56,2018,,1.0,AN5224,43.0,2020,2079,2020,2079,No,,T000,,0.154585,False
451,2020-12-09 14:59:09,2018,,3.0,AN5114,134.0,2105,2079,N/A,N/A,No,,T000,,0.48173000000000005,False
452,2020-12-09 15:03:48,2018,,1.0,AS6106,100.0,2178,2079,2178,2079,No,,T000,,0.35950000000000004,False
453,2020-12-10 14:56:45,2018,,54.0,ep101,286.0,2122,2079,2122,2079,No,,T000,,1.02817,False
454,2020-12-10 14:58:01,2018,,51.0,ep100,235.0,2122,2079,2122,2079,No,,T000,,0.844825,False
455,2020-12-10 14:59:30,2018,,86.0,EP102,251.0,2122,2079,2122,2079,No,,T000,,0.9023450000000001,False
456,2020-12-10 15:00:38,2018,,1.0,C7101,2877.0,2168,2079,2185,2079,No,,T000,,10.342815,False
457,2020-12-10 15:01:51,2018,,1.0,AS7107,100.0,2020,2079,2020,2079,No,,T000,,0.35950000000000004,False
458,2020-12-10 15:02:58,2018,,1.0,AS7106,72.0,2105,2079,2105,2079,No,,T000,,0.25884,False
459,2020-12-10 15:04:14,2018,,4.0,PL7103,54.0,2122,2079,N/A,N/A,No,,T000,,0.19413,False
460,2020-12-10 15:06:23,2018,,1.0,AS7111,74.0,2168,2079,2168,2079,No,,T000,,0.26603,False
461,2020-12-10 15:07:28,2018,,1.0,B7101,6384.0,2104,2079,2104,2079,No,,T000,,22.950480000000002,False
462,2020-12-10 15:08:42,2018,,1.0,B7104,6867.0,2138,2141,2138,2141,No,,T000,,24.686865,False
463,2020-12-10 15:09:49,2018,,1.0,AS4104,99.0,2104,2079,2104,2079,No,,T000,,0.355905,False
464,2020-12-10 15:10:54,2018,,1.0,AN7140,43.0,2020,2079,2020,2079,No,,T000,,0.154585,False
465,2020-12-10 15:12:03,2018,,1.0,B7103,6380.0,2141,2079,2138,2079,No,,T000,,22.9361,False
466,2020-12-10 15:13:16,2018,,1.0,AS5112,67.0,2104,2079,2186,2079,No,,T000,,0.24086500000000002,False
467,2020-12-10 15:14:23,2018,,1.0,AS5108,51.0,2104,2079,2186,2079,No,,T000,,0.183345,False
468,2020-12-10 15:15:35,2018,,1.0,AS5107,81.0,2104,2079,2185,2079,No,,T000,,0.29119500000000004,False
469,2020-12-10 15:16:47,2018,,1.0,AS5106,73.0,2104,JG,2185,2079,No,,T000,,0.262435,False
470,2020-12-11 06:56:08,2018,,1.0,AS5115,44.0,2104,2079,2186,2079,No,,T000,,0.15818,False
471,2020-12-11 06:57:57,2018,,1.0,AS5109,84.0,2104,2079,2138,2079,No,,T000,,0.30198,False
472,2020-12-11 06:59:07,2018,,1.0,C7102,2587.0,2141,2079,2138,2079,No,,T000,,9.300265000000001,False
473,2020-12-11 07:00:31,2018,,3.0,B7124,602.0,2178,2079,N/A,N/A,No,,T000,,2.16419,False
474,2020-12-11 08:15:25,2018,,2.0,B7123,434.0,2178,2079,N/A,N/A,No,,T000,,1.56023,False
475,2020-12-11 08:16:22,2018,,1.0,B7125,215.0,2178,2079,N/A,N/A,No,,T000,,0.7729250000000001,False
476,2020-12-11 08:17:13,2018,,1.0,B7128,214.0,2178,2079,N/A,N/A,No,,T000,,0.7693300000000001,False
477,2020-12-11 08:18:15,2018,,1.0,B7129,209.0,2178,2079,N/A,N/A,No,,T000,,0.751355,False
478,2020-12-11 08:19:37,2018,,3.0,B7122,618.0,2178,2079,N/A,N/A,No,,T000,,2.2217100000000003,False
479,2020-12-11 08:21:11,2018,,1.0,B7126,213.0,2178,2079,N/A,N/A,No,,T000,,0.765735,False
480,2020-12-11 08:22:01,2018,,2.0,B7127,390.0,2178,2079,N/A,N/A,No,,T000,,1.40205,False
481,2020-12-11 08:23:02,2018,,10.0,B7114,2230.0,2178,2079,N/A,N/A,No,,T000,,8.01685,False
482,2020-12-11 08:24:13,2018,,1.0,B7112,198.0,2178,2079,2178,2079,No,,T000,,0.71181,False
483,2020-12-11 08:25:10,2018,,1.0,B7113,198.0,2178,2079,2178,2079,No,,T000,,0.71181,False
484,2020-12-11 08:26:06,2018,,1.0,B7111,28.0,2178,2079,N/A,N/A,No,,T000,,0.10066000000000001,False
485,2020-12-11 08:27:12,2018,,20.0,B7110,933.0,2178,2079,N/A,N/A,No,,T000,,3.3541350000000003,False
486,2020-12-11 08:28:16,2018,,1.0,BR7101,3029.0,2104,2079,2104,2079,No,,T000,,10.889255,False
487,2020-12-11 08:29:20,2018,,1.0,BR7102,3018.0,2104,2079,2104,2079,No,,T000,,10.84971,False
488,2020-12-11 08:30:17,2018,,1.0,B7107,163.0,2104,2079,2104,2079,No,,T000,,0.5859850000000001,False
489,2020-12-11 08:31:19,2018,,2.0,B7115,223.0,2104,2079,2104,2079,No,,T000,,0.8016850000000001,False
490,2020-12-11 08:32:18,2018,,1.0,B7108,162.0,2104,2079,2104,2079,No,,T000,,0.5823900000000001,False
491,2020-12-11 08:33:12,2018,,1.0,B7109,59.0,2104,2079,N/A,N/A,No,,T000,,0.212105,False
492,2020-12-11 08:34:14,2011,,9.0,EP147,302.0,2020,2079,2020,2079,No,,T000,,2.30275,False
493,2020-12-11 08:35:11,2018,,1.0,B7105,105.0,2178,2079,2178,2079,No,,T000,,0.377475,False
494,2020-12-11 08:36:10,2018,,1.0,B7106,105.0,2178,2079,2178,2079,No,,T000,,0.377475,False
495,2020-12-11 09:06:45,2018,,4.0,AS7101,117.0,2020,2079,2105,2079,No,,T000,,0.42061500000000007,False
496,2020-12-11 09:08:28,2018,,4.0,C8105,10514.0,2168/2075,2079,2185,2079,No,,T000,,37.79783,False
497,2020-12-11 09:09:30,2018,,2.0,B8115,130.0,2178,2079,N/A,N/A,No,,T000,,0.46735000000000004,False
498,2020-12-11 09:10:41,2018,,2.0,B8114,817.0,2178,2079,N/A,N/A,No,,T000,,2.937115,False
499,2020-12-11 09:14:15,2018,,1.0,B8102,8861.0,2104,2079,2104,2079,No,,T000,,31.855295000000005,False
500,2020-12-11 09:15:38,2018,,4.0,C7105,10514.0,2168/2020,2079,2168/2020,2079,No,,T000,,37.79783,False
501,2020-12-11 09:16:43,2018,,2.0,B7121,183.0,2104,2079,N/A,N/A,No,,T000,,0.657885,False
502,2020-12-11 09:17:49,2018,,1.0,AS7105,76.0,2105,2079,2105,2079,No,,T000,,0.27322,False
503,2020-12-11 09:24:33,2018,,2.0,B7118,37.0,2104,2079,N/A,N/A,No,,T000,,0.133015,False
504,2020-12-11 09:25:37,2018,,2.0,B7116,45.0,2104,2079,N/A,N/A,No,,T000,,0.161775,False
505,2020-12-11 09:26:53,2018,,2.0,B7120,130.0,2104,2079,N/A,N/A,No,,T000,,0.46735000000000004,False
506,2020-12-11 09:33:02,2018,,4.0,B7117,684.0,2104,2079,N/A,N/A,No,,T000,,2.4589800000000004,False
507,2020-12-11 09:34:46,2018,,4.0,C7104,10210.0,2141/2178,2079,2186,2079,No,,T000,,36.704950000000004,False
508,2020-12-11 09:36:55,2018,,1.0,AS5111,100.0,2104,2079,2104,2079,No,,T000,,0.35950000000000004,False
509,2020-12-11 09:37:54,2018,,1.0,AS5110,100.0,2104,2079,2104,2079,No,,T000,,0.35950000000000004,False
510,2020-12-11 09:39:10,2018,,1.0,AS7104,82.0,2105,2079,2105,2079,No,,T000,,0.29479000000000005,False
511,2020-12-11 09:40:20,2018,,1.0,AN7139,43.0,2020,2079,2020,2079,No,,T000,,0.154585,False
512,2020-12-11 09:41:23,2018,,1.0,AS7103,68.0,2020,2079,2020,2079,No,,T000,,0.24446000000000004,False
513,2020-12-11 09:42:35,2018,,1.0,AS7109,44.0,2105,2079,2105,2079,No,,T000,,0.15818,False
514,2020-12-11 09:43:49,2018,,1.0,AS7110,51.0,2168,2079,2185,2079,No,,T000,,0.183345,False
515,2020-12-11 09:49:49,2018,,1.0,C7103,2953.0,2075,2079,2075,2079,No,,T000,,10.616035,False
516,2020-12-11 09:50:56,2018,,1.0,B6106,81.0,2168,2079,2138,2079,No,,T000,,0.29119500000000004,False
517,2020-12-11 09:52:28,2018,,3.0,B4102,20103.0,2141,2079,2141,2079,No,,T000,,72.27028500000002,False
518,2020-12-11 09:53:35,2018,,1.0,B6109,81.0,2168,2079,2138,2079,No,,T000,,0.29119500000000004,False
519,2020-12-11 09:54:43,2018,,1.0,B6110,81.0,2168,2079,2138,2079,No,,T000,,0.29119500000000004,False
520,2020-12-11 09:55:44,2018,,1.0,B6111,81.0,2168,2079,2138,2079,No,,T000,,0.29119500000000004,False
521,2020-12-11 09:56:57,2018,,2.0,AS6101,58.0,2178,2079,2186,2079,No,,T000,,0.20851000000000003,False
522,2020-12-11 09:58:18,2018,,2.0,AS6103,58.0,2178,2079,2186,2079,No,,T000,,0.20851000000000003,False
523,2020-12-11 09:59:26,2018,,1.0,AS6102,29.0,2178,2079,2186,2079,No,,T000,,0.10425500000000001,False
524,2020-12-11 10:14:04,2018,,1.0,AS6104,29.0,2178,2079,2186,2079,No,,T000,,0.10425500000000001,False
525,2020-12-11 10:15:39,2018,,1.0,B6102,6859.0,2141,2079,2141,2079,No,,T000,,24.658105000000003,False
526,2020-12-11 10:16:47,2018,,1.0,B6107,81.0,2185,2079,2185,2079,No,,T000,,0.29119500000000004,False
527,2020-12-11 10:17:48,2018,,1.0,B6112,81.0,2185,2079,2185,2079,No,,T000,,0.29119500000000004,False
528,2020-12-11 10:18:50,2018,,1.0,B6108,81.0,2185,2079,2185,2079,No,,T000,,0.29119500000000004,False
529,2020-12-11 10:19:59,2018,,1.0,B6105,81.0,2185,2079,2185,2079,No,,T000,,0.29119500000000004,False
530,2020-12-11 10:21:00,2018,,20.0,AN5102,907.0,2067,2079,N/A,N/A,No,,T000,,3.2606650000000004,False
531,2020-12-11 10:21:58,2018,,20.0,AN5106,907.0,2067,2079,N/A,N/A,No,,T000,,3.2606650000000004,False
532,2020-12-11 10:22:57,2018,,32.0,AN5112,1419.0,2067,2079,N/A,N/A,No,,T000,,5.101305,False
533,2020-12-11 10:24:00,2018,,2.0,AN5105,118.0,2067,2079,N/A,N/A,No,,T000,,0.42421,False
534,2020-12-11 10:25:00,2018,,18.0,AN5103,688.0,2067,2079,N/A,N/A,No,,T000,,2.47336,False
535,2020-12-11 10:26:15,2018,,1.0,AS4105,99.0,2178,2079,2178,2079,No,,T000,,0.355905,False
536,2020-12-11 10:27:33,2018,,42.0,AN3125,1586.0,2020,2079,N/A,N/A,No,,T000,,5.701670000000001,False
537,2020-12-11 10:29:05,2018,,44.0,AN5101,1693.0,2067,2079,N/A,N/A,No,,T000,,6.086335000000001,False
538,2020-12-11 10:30:11,2018,,60.0,AN5109,1385.0,2067,2079,N/A,N/A,No,,T000,,4.979075,False
539,2020-12-11 14:44:35,2018,,13.0,B8116,2899.0,2178,2079,N/A,N/A,No,,T000,,10.421905,False
540,2020-12-11 14:46:00,2018,,1.0,B8103,7321.0,2141,2079,2138,2079,No,,T000,,26.318995,False
541,2020-12-11 14:47:24,2018,,1.0,B8101,6865.0,2197/2092,2079,2092,2079,No,,T000,,24.679675000000003,False
542,2020-12-11 14:48:50,2018,,1.0,B8124,192.0,2104,2079,N/A,N/A,No,,T000,,0.6902400000000001,False
543,2020-12-11 14:49:53,2018,,1.0,B8112,214.0,2104,2079,N/A,N/A,No,,T000,,0.7693300000000001,False
544,2020-12-14 08:41:16,1926,,2.0,b5000,3966.0,2178,2079,N/A,N/A,No,,T000,,58.20105,False
545,2020-12-14 08:43:09,1926,,1.0,HSS1003,1800.0,N/A,N/A,N/A,N/A,No,,T000,,26.415000000000003,False
546,2020-12-14 08:44:25,1926,,1.0,HSS1033,1153.0,N/A,N/A,N/A,N/A,No,,T000,,16.920275,False
547,2020-12-14 08:45:30,2018,,2.0,PL7107,14.0,2122,2079,N/A,N/A,No,,T000,,0.05033000000000001,False
548,2020-12-14 08:46:40,2018,,36.0,PL8104,245.0,2017,2079,N/A,N/A,No,,T000,,0.8807750000000001,False
549,2020-12-14 09:21:39,2018,,4.0,PL8101,54.0,2017,2079,N/A,N/A,No,,T000,,0.19413,False
550,2020-12-14 09:22:56,2018,,4.0,PL8102,54.0,2017,2079,N/A,N/A,No,,T000,,0.19413,False
551,2020-12-14 09:24:17,2018,,4.0,PL7104,54.0,2122,2079,N/A,N/A,No,,T000,,0.19413,False
552,2020-12-14 09:25:31,2018,,30.0,AN4110,1361.0,2020,2079,N/A,N/A,No,,T000,,4.8927950000000004,False
553,2020-12-14 09:26:35,2018,,1.0,C8111,1728.0,2105,2079,2105,2079,No,,T000,,6.21216,False
554,2020-12-14 09:27:38,2018,,1.0,PL7101,63.0,2122,2079,N/A,N/A,No,,T000,,0.22648500000000002,False
555,2020-12-14 09:28:54,2018,,41.0,PL7106,279.0,2122,2079,N/A,N/A,No,,T000,,1.0030050000000001,False
556,2020-12-14 09:30:01,2018,,1.0,B8113,125.0,2104,2079,2104,2079,No,,T000,,0.449375,False
557,2020-12-14 09:31:08,2018,,1.0,B8117,170.0,2104,2079,2104,2079,No,,T000,,0.6111500000000001,False
558,2020-12-14 10:12:08,2018,,1.0,B8123,187.0,2104,2079,N/A,N/A,No,,T000,,0.672265,False
559,2020-12-14 10:13:13,2018,,1.0,B8120,167.0,2104,2079,N/A,N/A,No,,T000,,0.600365,False
560,2020-12-14 10:14:30,2018,,1.0,B8121,200.0,2104,2079,N/A,N/A,No,,T000,,0.7190000000000001,False
561,2020-12-14 11:09:28,2018,,2.0,B8118,412.0,2104,2079,N/A,N/A,No,,T000,,1.48114,False
562,2020-12-14 11:10:45,2018,,1.0,B8119,195.0,2104,2079,N/A,N/A,No,,T000,,0.701025,False
563,2020-12-14 11:11:52,2018,,1.0,B8122,209.0,2104,2079,N/A,N/A,No,,T000,,0.751355,False
564,2020-12-14 11:13:06,2018,,4.0,AS7102,117.0,2020,2079,2105,2079,No,,T000,,0.42061500000000007,False
565,2020-12-14 11:14:09,2018,,2.0,B7119,817.0,2178,2079,N/A,N/A,No,,T000,,2.937115,False
566,2020-12-14 11:15:58,1926,,1.0,C3016,119.0,2104,2079,2104,2079,No,,T000,,1.746325,False
567,2020-12-14 11:16:59,2018,,1.0,B8107,81.0,2178,2079,2092,2079,No,,T000,,0.29119500000000004,False
568,2020-12-14 11:18:11,2018,,1.0,B8106,81.0,2178,2079,2092,2079,No,,T000,,0.29119500000000004,False
569,2020-12-14 11:19:10,2018,,33.0,AN4109,1274.0,2020,2079,N/A,N/A,No,,T000,,4.580030000000001,False
570,2020-12-14 11:20:18,2018,,2.0,B8125,1778.0,2168,2079,2168,2079,No,,T000,,6.39191,False
571,2020-12-14 11:21:31,2018,,1.0,C8106,2940.0,2168,2079,2185,2079,No,,T000,,10.5693,False
572,2020-12-14 11:22:43,2018,,1.0,C8112,1345.0,2104,2079,2104,2079,No,,T000,,4.835275,False
573,2020-12-14 11:23:54,2018,,1.0,C8108,1384.0,2178,2079,2186,2079,No,,T000,,4.97548,False
574,2020-12-15 08:28:08,1926,,2.0,HSS5004,665.0,2197,2141,N/A,N/A,No,,T000,,9.758875000000002,False
575,2020-12-15 08:29:32,2018,,18.0,AN4103,682.0,2105,2141,N/A,N/A,No,,T000,,2.4517900000000004,False
576,2020-12-15 08:30:59,2018,,30.0,AN4104,1360.0,2105,2141,N/A,N/A,No,,T000,,4.889200000000001,False
577,2020-12-15 08:37:39,1926,,8.0,HSS5006,2179.0,2104,2079,2104,2079,No,,T000,,31.976824999999998,False
578,2020-12-15 08:39:23,2018,,1.0,C8101,930.0,2168,2079,2185,2141,No,,T000,,3.3433500000000005,False
579,2020-12-15 08:42:18,2018,,15.0,AN4105,573.0,2105,2141,N/A,N/A,No,,T000,,2.059935,False
580,2020-12-15 08:43:40,2018,,18.0,AN3116,2884.0,2020,2141,N/A,N/A,No,,T000,,10.36798,False
581,2020-12-15 08:44:48,2018,,1.0,B8110,81.0,2178,2079,2186,2141,No,,T000,,0.29119500000000004,False
582,2020-12-15 08:46:08,2018,,1.0,C8109,1398.0,2178,2079,2186,2141,No,,T000,,5.02581,False
583,2020-12-15 08:47:31,2018,,1.0,C8107,1705.0,2020,2079,2020,2079,No,,T000,,6.129475,False
584,2020-12-15 09:15:55,1926,,1.0,B5022,483.0,2197,2141,2197,2141,No,,T000,,7.088025,False
585,2020-12-15 09:17:16,1926,,1.0,B5021,483.0,2197,2141,2197,2141,No,,T000,,7.088025,False
586,2020-12-15 10:24:22,2018,,3.0,AN4112,136.0,2105,2141,N/A,N/A,No,,T000,,0.4889200000000001,False
587,2020-12-15 10:26:57,1926,,1.0,B5036,972.0,2104,2079,2104,2079,No,,T000,,14.264100000000001,False
588,2020-12-15 10:28:57,1926,,1.0,B5020,467.0,2104,2141,2104,2141,No,,T000,,6.853225000000001,False
589,2020-12-15 10:30:38,1926,,12.0,PL5001,692.0,2145,2141,N/A,N/A,No,,T000,,10.1551,False
590,2020-12-15 10:31:47,1926,,5.0,PL5000,102.0,2145,2141,N/A,N/A,No,,T000,,1.49685,False
591,2020-12-15 10:33:04,2018,,64.0,AN6101,2468.0,2105,2079,N/A,N/A,No,,T000,,8.87246,False
592,2020-12-15 10:34:11,2018,,6.0,AN6103,269.0,2020,2141,N/A,N/A,No,,T000,,0.9670550000000001,False
593,2020-12-15 10:35:35,1926,,4.0,B5025,1760.0,2065,2141,2122,2141,No,,T000,,25.828000000000003,False
594,2020-12-15 10:40:20,1926,,1.0,B5019,467.0,2104,2141,2104,2141,Yes,12/15/2020,T000,,6.853225000000001,False
595,2020-12-15 10:44:05,1926,,1.0,B5009,1233.0,2104,2079,2104,2079,Yes,12/12/2020,T000,,18.094275000000003,False
596,2020-12-15 10:47:19,1926,,1.0,B5010,1233.0,2104,2079,2104,2079,Yes,12/12/2020,T000,,18.094275000000003,False
597,2020-12-15 10:51:03,1926,,1.0,B5008,1233.0,2178,2079,2186,2141,Yes,12/15/2020,T000,,18.094275000000003,False
598,2020-12-15 10:54:04,1926,,1.0,B5030,1233.0,2178,2079,2186,2141,Yes,12/15/2020,T000,,18.094275000000003,False
599,2020-12-15 11:20:11,1926,,1.0,B5003,1986.0,2197,2079,2197,2079,Yes,12/15/2020,T000,,29.144550000000002,False
600,2020-12-15 11:21:32,1926,,1.0,B5006,1986.0,2197,2079,2197,2079,No,,T000,,29.144550000000002,False
601,2020-12-15 13:12:35,1926,,1.0,B5033,289.0,2197,2141,2015,2141,No,,T000,,4.2410749999999995,False
602,2020-12-15 13:13:38,2018,,1.0,AN5122,83.0,2065,2141,N/A,N/A,No,,T000,,0.298385,False
603,2020-12-15 13:14:49,2018,,2.0,AN5119,176.0,2065,2141,N/A,N/A,No,,T000,,0.63272,False
604,2020-12-15 13:15:53,2018,,1.0,AN6106,110.0,2065,2141,N/A,N/A,No,,T000,,0.39545,False
605,2020-12-15 13:16:59,2018,,1.0,AN6105,110.0,2065,2141,N/A,N/A,No,,T000,,0.39545,False
606,2020-12-15 13:18:19,2018,,1.0,PL7102,8.0,2193,2079,N/A,N/A,No,,T000,,0.02876,False
607,2020-12-15 13:19:42,2018,,46.0,PL8103,332.0,2193,2079,N/A,N/A,No,,T000,,1.19354,False
608,2020-12-15 13:21:14,2018,,52.0,PL7105,376.0,2193,2079,N/A,N/A,No,,T000,,1.35172,False
609,2020-12-15 13:22:37,1926,,1.0,B5001,1233.0,2178,2141,2122,2079,No,,T000,,18.094275000000003,False
610,2020-12-15 13:26:45,1926,,1.0,B5037,288.0,2197,2141,2015,2141,Yes,12/15/2020,T000,,4.2264,False
611,2020-12-15 13:29:52,1926,,1.0,B5037,288.0,2197,2141,2015,2141,Yes,12/15/2020,T000,,4.2264,False
612,2020-12-15 14:01:45,2018,,2.0,AN5104,8.0,2193,2079,N/A,N/A,Yes,12/15/2020,T000,,0.02876,False
613,2020-12-15 14:04:49,1926,,1.0,B5011,1233.0,2178,2141,2122,2079,Yes,12/15/2020,T000,,18.094275000000003,False
614,2020-12-15 15:57:04,2018,,6.0,AN5113,475.0,2105,2141,N/A,N/A,No,,T000,,1.707625,False
615,2020-12-15 15:58:17,2018,,4.0,AN5107,182.0,2105,2141,N/A,N/A,No,,T000,,0.65429,False
616,2020-12-15 15:59:32,1926,,1.0,B5015,448.0,2178,2141,2178,2079,No,,T000,,6.574400000000001,False
617,2020-12-15 16:00:46,2018,,1.0,AS7108,100.0,2105,2079,2105,2079,No,,T000,,0.35950000000000004,False
618,2020-12-15 16:02:08,2018,,6.0,AN6104,269.0,2020,2079,N/A,N/A,No,,T000,,0.9670550000000001,False
619,2020-12-15 16:03:36,1926,,1.0,B5007,1234.0,2178,2141,2186,2079,No,,T000,,18.10895,False
620,2020-12-15 16:04:48,2018,,1.0,B8104,81.0,2178,2079,2186,2079,No,,T000,,0.29119500000000004,False
621,2020-12-15 16:06:12,2018,,1.0,B8111,81.0,2178,2079,2186,2079,No,,T000,,0.29119500000000004,False
622,2020-12-15 16:07:25,2018,,1.0,B8105,81.0,2178,2079,2186,2079,No,,T000,,0.29119500000000004,False
623,2020-12-15 16:08:37,2018,,1.0,B8108,81.0,2178,2079,2186,2079,No,,T000,,0.29119500000000004,False
624,2020-12-15 16:09:36,2018,,1.0,B8109,81.0,2178,2079,2186,2079,No,,T000,,0.29119500000000004,False
625,2020-12-15 16:10:55,2018,,1.0,B7102,6854.0,2178,2079,2186,2079,No,,T000,,24.640130000000003,False
626,2020-12-15 16:12:12,2018,,1.0,AS6105,100.0,2178,2079,2186,2079,No,,T000,,0.35950000000000004,False
627,2020-12-15 16:21:33,1926,,1.0,B5018,457.0,2178,2141,2122,2141,Yes,12/15/2020,T000,,6.706475,False
628,2020-12-15 16:24:58,1926,,1.0,B5017,457.0,2178,2141,2168,2141,Yes,12/15/2020,T000,,6.706475,False
629,2020-12-15 16:28:24,1926,,1.0,B5002,1234.0,2178,2141,2186,2079,Yes,12/15/2020,T000,,18.10895,False
630,2020-12-15 16:30:50,1926,,1.0,B5016,448.0,2178,2079,2178,2141,Yes,12/15/2020,T000,,6.574400000000001,False
631,2020-12-15 16:34:13,1926,,1.0,B5034,290.0,2178,2141,2104,2141,Yes,12/15/2020,T000,,4.25575,False
632,2020-12-15 16:36:59,1926,,1.0,B5012,289.0,2178,2079,2104,2141,Yes,12/15/2020,T000,,4.2410749999999995,False
633,2020-12-15 16:39:36,1926,,1.0,B5035,290.0,2178,2141,2104,2141,Yes,12/15/2020,T000,,4.25575,False
634,2020-12-15 16:41:43,1926,,1.0,B5035,290.0,2178,2141,2104,2141,Yes,12/15/2020,T000,,4.25575,False
635,2020-12-16 08:48:20,2018,,7.0,AN5115,314.0,2105,2141,N/A,N/A,No,,T000,,1.12883,False
636,2020-12-16 08:49:38,1926,,1.0,B5004,972.0,2065,2141,2155,2141,No,,T000,,14.264100000000001,False
637,2020-12-16 08:50:57,1926,,1.0,B5005,972.0,2065,2141,2155,2141,No,,T000,,14.264100000000001,False
638,2020-12-16 08:52:51,1926,,48.0,LW5000,91.0,2193,2141,N/A,N/A,No,,T000,,1.335425,False
639,2020-12-16 09:20:45,1926,,1.0,B5028,972.0,2065,2141,2155,2141,Yes,12/16/2020,T000,,14.264100000000001,False
640,2020-12-16 09:23:34,1926,,1.0,B5029,972.0,2065,2141,2155,2141,Yes,12/16/2020,T000,,14.264100000000001,False
641,2020-12-30 12:25:55,1926,,1.0,C6002,1960.0,2178,2141,2186,2141,No,,T000,,28.763,False
642,2020-12-30 12:27:21,1926,,4.0,B7000,1172.0,2075,2141,2075,2141,No,,T000,,17.1991,False
643,2020-12-30 12:29:22,1926,,13.0,B7045,3009.0,2197/2168,2141,2197/2168,2141,No,,T000,,44.157075,False
644,2020-12-30 12:31:02,1926,,2.0,B7057,457.0,2168,2141,2168,2141,No,,T000,,6.706475,False
645,2020-12-30 12:32:28,1926,,1.0,C6009,1960.0,2104,2141/JG,2092,2141,No,,T000,,28.763,False
646,2020-12-30 12:33:46,1926,,8.0,HSS7005,1227.0,2178,2141,2186,2141,No,,T000,,18.006225,False
647,2020-12-30 12:35:32,2011,,1.0,C2000,6654.0,2178,2141,2186,2141,No,,T000,,50.73675,False
648,2020-12-30 14:35:08,2011,,1.0,C2000,6654.0,2178,2141,2186,2141,No,,T000,,50.73675,False
649,2020-12-30 14:36:38,1926,,2.0,B7054,578.0,2104,2141,2092,JG,No,,T000,,8.482149999999999,False
650,2020-12-30 14:37:52,1926,,1.0,B7053,289.0,2104,2141,2092,JG,No,,T000,,4.2410749999999995,False
651,2020-12-30 14:38:53,1926,,3.0,B7032,843.0,2092,2141,2092,2141,No,,T000,,12.371025,False
652,2020-12-30 14:40:03,1926,,11.0,B7062,2609.0,2178,2141,2092,2141,No,,T000,,38.287075,False
653,2020-12-30 14:41:16,1926,,9.0,B7065,2083.0,2178,2141,2092,2141,No,,T000,,30.568025000000006,False
654,2020-12-30 14:42:58,1926,,5.0,B7025,12968.0,2178/2197,2141,2092,2141,No,,T000,,190.30540000000002,False
655,2020-12-30 14:44:34,1926,,1.0,B5024,808.0,2185,2141,2185,2141,No,,T000,,11.857400000000002,False
656,2020-12-30 14:45:32,1926,,1.0,B7008,467.0,2075,2141,2075,2141,No,,T000,,6.853225000000001,False
657,2020-12-30 14:46:45,1926,,1.0,B7055,467.0,2075,2141,2075,2141,No,,T000,,6.853225000000001,False
658,2020-12-30 14:47:55,1926,,2.0,HSS5005,558.0,2104,2141,2104,2141,No,,T000,,8.18865,False
659,2020-12-30 14:49:22,1926,,1.0,C5004,1023.0,2065,2141,2105,2141,No,,T000,,15.012525,False
660,2020-12-30 16:25:32,1926,,1.0,B6001,1648.0,2197,2141,2197,2141,No,,T000,,24.1844,False
661,2020-12-30 16:27:27,1926,,4.0,B7047,6470.0,2104,2079,2104,2079,No,,T000,,94.94725,False
662,2020-12-30 16:28:42,1926,,1.0,AS7002,770.0,2178,2079,2186,2079,No,,T000,,11.299750000000001,False
663,2020-12-30 16:29:58,1926,,4.0,B7001,9558.0,2197,2079,N/A,N/A,No,,T000,,140.26365,False
664,2020-12-30 16:31:20,1926,,1.0,C5002,3870.0,2075,2141,2065,2079,No,,T000,,56.79225,False
665,2020-12-30 16:32:50,1926,,1.0,AS7028,770.0,2092,2079,2155,2079,No,,T000,,11.299750000000001,False
666,2020-12-30 16:34:02,1926,,1.0,AS7027,732.0,2178,2079,2186,2079,No,,T000,,10.7421,False
667,2020-12-30 16:35:42,1926,,1.0,B6005,1578.0,2075,2141,2105,2141,No,,T000,,23.15715,False
668,2020-12-30 16:36:43,1926,,1.0,B6017,2047.0,2178,2141,2186,2141,No,,T000,,30.039725000000004,False
669,2020-12-30 16:39:10,1926,,1.0,B6016,2048.0,2178,2141,2186,2141,No,,T000,,30.0544,False
670,2020-12-30 16:40:21,1926,,1.0,B6012,1546.0,2020,2141,2020,2141,No,,T000,,22.68755,False
671,2020-12-30 16:41:39,1926,,1.0,B6006,1578.0,2178,2141,2105,2141,No,,T000,,23.15715,False
672,2020-12-30 16:43:09,1926,,2.0,B6000,4776.0,2178,2079,N/A,N/A,No,,T000,,70.0878,False
673,2020-12-30 16:45:30,1926,,1.0,B5026,2709.0,2168,2141,2185,2141,No,,T000,,39.754575,False
674,2020-12-30 16:46:44,1926,,1.0,B7021,2609.0,2168,2141,2168,2141,No,,T000,,38.287075,False
675,2020-12-30 16:48:02,1926,,1.0,B5027,2709.0,2075,2141,2185,2141,No,,T000,,39.754575,False
676,2020-12-30 16:49:44,1926,,5.0,B6014,13046.0,2178,2141,2104,2141,No,,T000,,191.45005,False
677,2020-12-30 17:03:53,1926,,1.0,B5013,537.0,2185,2079,2185,2141,No,,T000,,7.880475000000001,False
